date,value,series_id,series
2016-01-01,454.175,CUUR0000SAM,Medical CPI
2016-02-01,458.295,CUUR0000SAM,Medical CPI
2016-03-01,458.62,CUUR0000SAM,Medical CPI
2016-04-01,459.994,CUUR0000SAM,Medical CPI
2016-05-01,461.23,CUUR0000SAM,Medical CPI
2016-06-01,462.075,CUUR0000SAM,Medical CPI
2016-07-01,464.164,CUUR0000SAM,Medical CPI
2016-08-01,468.379,CUUR0000SAM,Medical CPI
2016-09-01,469.154,CUUR0000SAM,Medical CPI
2016-10-01,469.23,CUUR0000SAM,Medical CPI
2016-11-01,469.333,CUUR0000SAM,Medical CPI
2016-12-01,469.447,CUUR0000SAM,Medical CPI
2017-01-01,471.7,CUUR0000SAM,Medical CPI
2017-02-01,474.546,CUUR0000SAM,Medical CPI
2017-03-01,474.561,CUUR0000SAM,Medical CPI
2017-04-01,473.582,CUUR0000SAM,Medical CPI
2017-05-01,473.512,CUUR0000SAM,Medical CPI
2017-06-01,474.36,CUUR0000SAM,Medical CPI
2017-07-01,476.126,CUUR0000SAM,Medical CPI
2017-08-01,476.869,CUUR0000SAM,Medical CPI
2017-09-01,476.485,CUUR0000SAM,Medical CPI
2017-10-01,477.121,CUUR0000SAM,Medical CPI
2017-11-01,477.198,CUUR0000SAM,Medical CPI
2017-12-01,477.802,CUUR0000SAM,Medical CPI
2018-01-01,481.06,CUUR0000SAM,Medical CPI
2018-02-01,482.897,CUUR0000SAM,Medical CPI
2018-03-01,483.984,CUUR0000SAM,Medical CPI
2018-04-01,484.034,CUUR0000SAM,Medical CPI
2018-05-01,484.853,CUUR0000SAM,Medical CPI
2018-06-01,486.019,CUUR0000SAM,Medical CPI
2018-07-01,485.193,CUUR0000SAM,Medical CPI
2018-08-01,484.172,CUUR0000SAM,Medical CPI
2018-09-01,484.708,CUUR0000SAM,Medical CPI
2018-10-01,485.269,CUUR0000SAM,Medical CPI
2018-11-01,486.886,CUUR0000SAM,Medical CPI
2018-12-01,487.409,CUUR0000SAM,Medical CPI
2019-01-01,490.204,CUUR0000SAM,Medical CPI
2019-02-01,491.227,CUUR0000SAM,Medical CPI
2019-03-01,492.306,CUUR0000SAM,Medical CPI
2019-04-01,493.331,CUUR0000SAM,Medical CPI
2019-05-01,494.928,CUUR0000SAM,Medical CPI
2019-06-01,495.563,CUUR0000SAM,Medical CPI
2019-07-01,497.687,CUUR0000SAM,Medical CPI
2019-08-01,500.916,CUUR0000SAM,Medical CPI
2019-09-01,501.468,CUUR0000SAM,Medical CPI
2019-10-01,506.1,CUUR0000SAM,Medical CPI
2019-11-01,507.541,CUUR0000SAM,Medical CPI
2019-12-01,509.689,CUUR0000SAM,Medical CPI
2020-01-01,512.149,CUUR0000SAM,Medical CPI
2020-02-01,513.923,CUUR0000SAM,Medical CPI
2020-03-01,515.605,CUUR0000SAM,Medical CPI
2020-04-01,517.053,CUUR0000SAM,Medical CPI
2020-05-01,519.194,CUUR0000SAM,Medical CPI
2020-06-01,520.734,CUUR0000SAM,Medical CPI
2020-07-01,522.686,CUUR0000SAM,Medical CPI
2020-08-01,523.295,CUUR0000SAM,Medical CPI
2020-09-01,522.528,CUUR0000SAM,Medical CPI
2020-10-01,520.725,CUUR0000SAM,Medical CPI
2020-11-01,519.848,CUUR0000SAM,Medical CPI
2020-12-01,518.766,CUUR0000SAM,Medical CPI
2021-01-01,522.133,CUUR0000SAM,Medical CPI
2021-02-01,524.207,CUUR0000SAM,Medical CPI
2021-03-01,524.734,CUUR0000SAM,Medical CPI
2021-04-01,524.585,CUUR0000SAM,Medical CPI
2021-05-01,523.918,CUUR0000SAM,Medical CPI
2021-06-01,522.989,CUUR0000SAM,Medical CPI
2021-07-01,524.219,CUUR0000SAM,Medical CPI
2021-08-01,525.247,CUUR0000SAM,Medical CPI
2021-09-01,524.818,CUUR0000SAM,Medical CPI
2021-10-01,527.564,CUUR0000SAM,Medical CPI
2021-11-01,528.877,CUUR0000SAM,Medical CPI
2021-12-01,530.026,CUUR0000SAM,Medical CPI
2022-01-01,535.048,CUUR0000SAM,Medical CPI
2022-02-01,536.932,CUUR0000SAM,Medical CPI
2022-03-01,539.739,CUUR0000SAM,Medical CPI
2022-04-01,541.515,CUUR0000SAM,Medical CPI
2022-05-01,543.488,CUUR0000SAM,Medical CPI
2022-06-01,546.717,CUUR0000SAM,Medical CPI
2022-07-01,549.562,CUUR0000SAM,Medical CPI
2022-08-01,553.429,CUUR0000SAM,Medical CPI
2022-09-01,556.323,CUUR0000SAM,Medical CPI
2022-10-01,554.043,CUUR0000SAM,Medical CPI
2022-11-01,550.844,CUUR0000SAM,Medical CPI
2022-12-01,551.002,CUUR0000SAM,Medical CPI
2023-01-01,551.422,CUUR0000SAM,Medical CPI
2023-02-01,549.487,CUUR0000SAM,Medical CPI
2023-03-01,547.805,CUUR0000SAM,Medical CPI
2023-04-01,547.219,CUUR0000SAM,Medical CPI
2023-05-01,547.42,CUUR0000SAM,Medical CPI
2023-06-01,547.432,CUUR0000SAM,Medical CPI
2023-07-01,546.698,CUUR0000SAM,Medical CPI
2023-08-01,548.082,CUUR0000SAM,Medical CPI
2023-09-01,548.431,CUUR0000SAM,Medical CPI
2023-10-01,549.762,CUUR0000SAM,Medical CPI
2023-11-01,551.769,CUUR0000SAM,Medical CPI
2023-12-01,553.485,CUUR0000SAM,Medical CPI
2024-01-01,557.215,CUUR0000SAM,Medical CPI
2024-02-01,557.236,CUUR0000SAM,Medical CPI
2024-03-01,559.935,CUUR0000SAM,Medical CPI
2024-04-01,561.612,CUUR0000SAM,Medical CPI
2024-05-01,564.249,CUUR0000SAM,Medical CPI
2024-06-01,565.301,CUUR0000SAM,Medical CPI
2024-07-01,564.039,CUUR0000SAM,Medical CPI
2024-08-01,564.407,CUUR0000SAM,Medical CPI
2024-09-01,566.266,CUUR0000SAM,Medical CPI
2024-10-01,567.87,CUUR0000SAM,Medical CPI
2024-11-01,568.773,CUUR0000SAM,Medical CPI
2024-12-01,569.189,CUUR0000SAM,Medical CPI
2025-01-01,571.899,CUUR0000SAM,Medical CPI
2025-02-01,573.32,CUUR0000SAM,Medical CPI
2025-03-01,574.739,CUUR0000SAM,Medical CPI
2025-04-01,576.988,CUUR0000SAM,Medical CPI
2025-05-01,578.25,CUUR0000SAM,Medical CPI
2025-06-01,580.978,CUUR0000SAM,Medical CPI
2025-07-01,583.856,CUUR0000SAM,Medical CPI
2025-08-01,583.875,CUUR0000SAM,Medical CPI
2025-09-01,584.858,CUUR0000SAM,Medical CPI
2025-11-01,585.213,CUUR0000SAM,Medical CPI
2025-12-01,587.144,CUUR0000SAM,Medical CPI
2016-01-01,485.321,CUUR0000SAM2,Medical Care Services CPI
2016-02-01,489.432,CUUR0000SAM2,Medical Care Services CPI
2016-03-01,489.52,CUUR0000SAM2,Medical Care Services CPI
2016-04-01,490.848,CUUR0000SAM2,Medical Care Services CPI
2016-05-01,493.27,CUUR0000SAM2,Medical Care Services CPI
2016-06-01,493.438,CUUR0000SAM2,Medical Care Services CPI
2016-07-01,495.431,CUUR0000SAM2,Medical Care Services CPI
2016-08-01,499.187,CUUR0000SAM2,Medical Care Services CPI
2016-09-01,499.483,CUUR0000SAM2,Medical Care Services CPI
2016-10-01,499.717,CUUR0000SAM2,Medical Care Services CPI
2016-11-01,500.697,CUUR0000SAM2,Medical Care Services CPI
2016-12-01,500.845,CUUR0000SAM2,Medical Care Services CPI
2017-01-01,502.948,CUUR0000SAM2,Medical Care Services CPI
2017-02-01,506.105,CUUR0000SAM2,Medical Care Services CPI
2017-03-01,505.991,CUUR0000SAM2,Medical Care Services CPI
2017-04-01,505.855,CUUR0000SAM2,Medical Care Services CPI
2017-05-01,505.611,CUUR0000SAM2,Medical Care Services CPI
2017-06-01,505.813,CUUR0000SAM2,Medical Care Services CPI
2017-07-01,506.681,CUUR0000SAM2,Medical Care Services CPI
2017-08-01,507.39,CUUR0000SAM2,Medical Care Services CPI
2017-09-01,508.078,CUUR0000SAM2,Medical Care Services CPI
2017-10-01,509.256,CUUR0000SAM2,Medical Care Services CPI
2017-11-01,508.879,CUUR0000SAM2,Medical Care Services CPI
2017-12-01,509.045,CUUR0000SAM2,Medical Care Services CPI
2018-01-01,513.135,CUUR0000SAM2,Medical Care Services CPI
2018-02-01,515.205,CUUR0000SAM2,Medical Care Services CPI
2018-03-01,516.713,CUUR0000SAM2,Medical Care Services CPI
2018-04-01,517.228,CUUR0000SAM2,Medical Care Services CPI
2018-05-01,517.22,CUUR0000SAM2,Medical Care Services CPI
2018-06-01,518.307,CUUR0000SAM2,Medical Care Services CPI
2018-07-01,518.277,CUUR0000SAM2,Medical Care Services CPI
2018-08-01,516.841,CUUR0000SAM2,Medical Care Services CPI
2018-09-01,518.108,CUUR0000SAM2,Medical Care Services CPI
2018-10-01,519.152,CUUR0000SAM2,Medical Care Services CPI
2018-11-01,520.973,CUUR0000SAM2,Medical Care Services CPI
2018-12-01,522.506,CUUR0000SAM2,Medical Care Services CPI
2019-01-01,525.698,CUUR0000SAM2,Medical Care Services CPI
2019-02-01,527.683,CUUR0000SAM2,Medical Care Services CPI
2019-03-01,528.575,CUUR0000SAM2,Medical Care Services CPI
2019-04-01,529.371,CUUR0000SAM2,Medical Care Services CPI
2019-05-01,531.566,CUUR0000SAM2,Medical Care Services CPI
2019-06-01,532.956,CUUR0000SAM2,Medical Care Services CPI
2019-07-01,535.515,CUUR0000SAM2,Medical Care Services CPI
2019-08-01,539.066,CUUR0000SAM2,Medical Care Services CPI
2019-09-01,540.813,CUUR0000SAM2,Medical Care Services CPI
2019-10-01,545.652,CUUR0000SAM2,Medical Care Services CPI
2019-11-01,547.735,CUUR0000SAM2,Medical Care Services CPI
2019-12-01,549.077,CUUR0000SAM2,Medical Care Services CPI
2020-01-01,552.721,CUUR0000SAM2,Medical Care Services CPI
2020-02-01,555.597,CUUR0000SAM2,Medical Care Services CPI
2020-03-01,557.889,CUUR0000SAM2,Medical Care Services CPI
2020-04-01,559.994,CUUR0000SAM2,Medical Care Services CPI
2020-05-01,562.701,CUUR0000SAM2,Medical Care Services CPI
2020-06-01,564.754,CUUR0000SAM2,Medical Care Services CPI
2020-07-01,567.299,CUUR0000SAM2,Medical Care Services CPI
2020-08-01,567.771,CUUR0000SAM2,Medical Care Services CPI
2020-09-01,567.525,CUUR0000SAM2,Medical Care Services CPI
2020-10-01,565.999,CUUR0000SAM2,Medical Care Services CPI
2020-11-01,565.345,CUUR0000SAM2,Medical Care Services CPI
2020-12-01,564.201,CUUR0000SAM2,Medical Care Services CPI
2021-01-01,568.778,CUUR0000SAM2,Medical Care Services CPI
2021-02-01,572.378,CUUR0000SAM2,Medical Care Services CPI
2021-03-01,573.009,CUUR0000SAM2,Medical Care Services CPI
2021-04-01,572.108,CUUR0000SAM2,Medical Care Services CPI
2021-05-01,571.255,CUUR0000SAM2,Medical Care Services CPI
2021-06-01,570.509,CUUR0000SAM2,Medical Care Services CPI
2021-07-01,571.934,CUUR0000SAM2,Medical Care Services CPI
2021-08-01,573.5,CUUR0000SAM2,Medical Care Services CPI
2021-09-01,572.559,CUUR0000SAM2,Medical Care Services CPI
2021-10-01,575.493,CUUR0000SAM2,Medical Care Services CPI
2021-11-01,577.076,CUUR0000SAM2,Medical Care Services CPI
2021-12-01,578.555,CUUR0000SAM2,Medical Care Services CPI
2022-01-01,584.111,CUUR0000SAM2,Medical Care Services CPI
2022-02-01,586.177,CUUR0000SAM2,Medical Care Services CPI
2022-03-01,589.652,CUUR0000SAM2,Medical Care Services CPI
2022-04-01,591.94,CUUR0000SAM2,Medical Care Services CPI
2022-05-01,594.243,CUUR0000SAM2,Medical Care Services CPI
2022-06-01,598.035,CUUR0000SAM2,Medical Care Services CPI
2022-07-01,601.056,CUUR0000SAM2,Medical Care Services CPI
2022-08-01,605.883,CUUR0000SAM2,Medical Care Services CPI
2022-09-01,609.852,CUUR0000SAM2,Medical Care Services CPI
2022-10-01,606.839,CUUR0000SAM2,Medical Care Services CPI
2022-11-01,602.333,CUUR0000SAM2,Medical Care Services CPI
2022-12-01,602.395,CUUR0000SAM2,Medical Care Services CPI
2023-01-01,601.551,CUUR0000SAM2,Medical Care Services CPI
2023-02-01,598.778,CUUR0000SAM2,Medical Care Services CPI
2023-03-01,595.745,CUUR0000SAM2,Medical Care Services CPI
2023-04-01,594.346,CUUR0000SAM2,Medical Care Services CPI
2023-05-01,593.738,CUUR0000SAM2,Medical Care Services CPI
2023-06-01,593.503,CUUR0000SAM2,Medical Care Services CPI
2023-07-01,591.832,CUUR0000SAM2,Medical Care Services CPI
2023-08-01,592.913,CUUR0000SAM2,Medical Care Services CPI
2023-09-01,593.777,CUUR0000SAM2,Medical Care Services CPI
2023-10-01,594.974,CUUR0000SAM2,Medical Care Services CPI
2023-11-01,597.016,CUUR0000SAM2,Medical Care Services CPI
2023-12-01,599.464,CUUR0000SAM2,Medical Care Services CPI
2024-01-01,605.257,CUUR0000SAM2,Medical Care Services CPI
2024-02-01,605.162,CUUR0000SAM2,Medical Care Services CPI
2024-03-01,608.528,CUUR0000SAM2,Medical Care Services CPI
2024-04-01,610.151,CUUR0000SAM2,Medical Care Services CPI
2024-05-01,611.904,CUUR0000SAM2,Medical Care Services CPI
2024-06-01,613.033,CUUR0000SAM2,Medical Care Services CPI
2024-07-01,611.137,CUUR0000SAM2,Medical Care Services CPI
2024-08-01,611.935,CUUR0000SAM2,Medical Care Services CPI
2024-09-01,615.354,CUUR0000SAM2,Medical Care Services CPI
2024-10-01,617.753,CUUR0000SAM2,Medical Care Services CPI
2024-11-01,619.118,CUUR0000SAM2,Medical Care Services CPI
2024-12-01,619.686,CUUR0000SAM2,Medical Care Services CPI
2025-01-01,621.661,CUUR0000SAM2,Medical Care Services CPI
2025-02-01,623.392,CUUR0000SAM2,Medical Care Services CPI
2025-03-01,626.888,CUUR0000SAM2,Medical Care Services CPI
2025-04-01,629.307,CUUR0000SAM2,Medical Care Services CPI
2025-05-01,630.162,CUUR0000SAM2,Medical Care Services CPI
2025-06-01,633.659,CUUR0000SAM2,Medical Care Services CPI
2025-07-01,637.425,CUUR0000SAM2,Medical Care Services CPI
2025-08-01,637.817,CUUR0000SAM2,Medical Care Services CPI
2025-09-01,639.215,CUUR0000SAM2,Medical Care Services CPI
2025-11-01,639.455,CUUR0000SAM2,Medical Care Services CPI
2025-12-01,641.566,CUUR0000SAM2,Medical Care Services CPI
2024-01-01,127.276,WPUSIHCARE3,Healthcare Services PPI
2024-02-01,127.919,WPUSIHCARE3,Healthcare Services PPI
2024-03-01,127.823,WPUSIHCARE3,Healthcare Services PPI
2024-04-01,127.771,WPUSIHCARE3,Healthcare Services PPI
2024-05-01,128.495,WPUSIHCARE3,Healthcare Services PPI
2024-06-01,129.019,WPUSIHCARE3,Healthcare Services PPI
2024-07-01,129.441,WPUSIHCARE3,Healthcare Services PPI
2024-08-01,130.29,WPUSIHCARE3,Healthcare Services PPI
2024-09-01,130.776,WPUSIHCARE3,Healthcare Services PPI
2024-10-01,131.162,WPUSIHCARE3,Healthcare Services PPI
2024-11-01,131.151,WPUSIHCARE3,Healthcare Services PPI
2024-12-01,131.164,WPUSIHCARE3,Healthcare Services PPI
2025-01-01,131.723,WPUSIHCARE3,Healthcare Services PPI
2025-02-01,132.492,WPUSIHCARE3,Healthcare Services PPI
2025-03-01,132.82,WPUSIHCARE3,Healthcare Services PPI
2025-04-01,133.294,WPUSIHCARE3,Healthcare Services PPI
2025-05-01,133.361,WPUSIHCARE3,Healthcare Services PPI
2025-06-01,134.022,WPUSIHCARE3,Healthcare Services PPI
2025-07-01,134.227,WPUSIHCARE3,Healthcare Services PPI
2025-08-01,134.271,WPUSIHCARE3,Healthcare Services PPI
2025-09-01,134.331,WPUSIHCARE3,Healthcare Services PPI
2025-10-01,134.354,WPUSIHCARE3,Healthcare Services PPI
2025-11-01,134.561,WPUSIHCARE3,Healthcare Services PPI
2025-12-01,134.221,WPUSIHCARE3,Healthcare Services PPI
2026-01-01,135.036,WPUSIHCARE3,Healthcare Services PPI
2026-02-01,135.895,WPUSIHCARE3,Healthcare Services PPI
2026-03-01,136.327,WPUSIHCARE3,Healthcare Services PPI
2026-04-01,136.341,WPUSIHCARE3,Healthcare Services PPI
2026-05-01,136.747,WPUSIHCARE3,Healthcare Services PPI
2026-06-01,136.967,WPUSIHCARE3,Healthcare Services PPI
2026-07-01,137.719,WPUSIHCARE3,Healthcare Services PPI
2026-08-01,138.236,WPUSIHCARE3,Healthcare Services PPI
